,,,,,,,,,,,,,,,,SUPERFICIES FÍSICAS REGADAS Y VOLÚMENES DISTRIBUÍDOS
,,,,,,,,,,,,,,,,AÑO AGRÍCOLA 1997-1998
,,,,,,,,,,,,,,,,
DISTRITO,,NUMERO DE CULTIVOS,CONCEPTO,GRAVEDAD-PRESAS,,,GRAVEDAD-DERIVACION,,,BOMBEO CORRIENTES,,,BOMBEO POZOS,,,Total general
,,,,Ejidal,Peq. Prop.,Suma,Ejidal,Peq. Prop.,Suma,Ejidal,Peq. Prop.,Suma,Ejidal,Peq. Prop.,Suma,
001,"Pabellón, Ags.",1 cultivo,Usuarios,1.483,495,1.978,,,,,,,840,188,1.028,3.006
,,,Superficie Física Regada (ha),1.447,1.768,3.215,,,,,,,2.501,2.096,4.597,7.812
,,,Volumen Bruto (miles m3),11.721,14.321,26.041,,,,,,,28.556,23.933,52.489,78.530
,,,Lamina Bruta (cm),81,81,81,0,0,0,0,0,0,114,114,114,101
,,2 cultivos,Usuarios,,,,,,,,,,90,73,163,163
,,,Superficie Física Regada (ha),,,,,,,,,,288,235,523,523
,,,Volumen Bruto (miles m3),,,,,,,,,,1.577,1.286,2.862,2.862
,,,Lamina Bruta (cm),0,0,0,0,0,0,0,0,0,55,55,55,55
Suma de Usuarios 001,,,,1.483,495,1.978,,,,,,,930,261,1.191,3.169
Suma de Superficie Física Regada 001,,,,1.447,1.768,3.215,,,,,,,2.789,2.331,5.120,8.335
Suma de Volumen Bruto 001,,,,11.721,14.321,26.041,,,,,,,30.133,25.219,55.351,81.392
Lámina Bruta 001,,,,81,81,81,0,0,0,0,0,0,108,108,108,98
002,"Mante, Tamps.",1 cultivo,Usuarios,,,,1.329,197,1.526,56,6,62,,,,1.588
,,,Superficie Física Regada (ha),,,,10.286,3.618,13.904,626,212,838,,,,14.742
,,,Volumen Bruto (miles m3),,,,110.492,38.865,149.357,7.163,2.426,9.589,,,,158.946
,,,Lamina Bruta (cm),0,0,0,107,107,107,114,114,114,0,0,0,108
Suma de Usuarios 002,,,,,,,1.329,197,1.526,56,6,62,,,,1.588
Suma de Superficie Física Regada 002,,,,,,,10.286,3.618,13.904,626,212,838,,,,14.742
Suma de Volumen Bruto 002,,,,,,,110.492,38.865,149.357,7.163,2.426,9.589,,,,158.946
Lámina Bruta 002,,,,0,0,0,107,107,107,114,114,114,0,0,0,108
003,"Tula, Hgo.",1 cultivo,Usuarios,3.787,2.999,6.786,12.134,9.601,21.735,,,,,,,28.521
,,,Superficie Física Regada (ha),5.821,5.169,10.990,18.634,16.555,35.189,,,,,,,46.179
,,,Volumen Bruto (miles m3),122.262,107.202,229.464,390.840,343.226,734.066,,,,,,,963.530
,,,Lamina Bruta (cm),210,207,209,210,207,209,0,0,0,0,0,0,209
,,2 cultivos,Usuarios,449,306,755,1.437,981,2.418,,,,,,,3.173
,,,Superficie Física Regada (ha),689,529,1.218,2.208,1.690,3.898,,,,,,,5.116
,,,Volumen Bruto (miles m3),2.738,2.097,4.835,8.766,6.715,15.481,,,,,,,20.316
,,,Lamina Bruta (cm),40,40,40,40,40,40,0,0,0,0,0,0,40
Suma de Usuarios 003,,,,4.236,3.305,7.541,13.571,10.582,24.153,,,,,,,31.694
Suma de Superficie Física Regada 003,,,,6.510,5.698,12.208,20.842,18.245,39.087,,,,,,,51.295
Suma de Volumen Bruto 003,,,,125.000,109.299,234.299,399.606,349.941,749.547,,,,,,,983.846
Lámina Bruta 003,,,,192,192,192,192,192,192,0,0,0,0,0,0,192
003A,"Nuevos Proyectos, Hgo.",1 cultivo,Usuarios,,,,512,,512,359,469,828,,,,1.340
,,,Superficie Física Regada (ha),,,,755,,755,666,708,1.374,,,,2.129
,,,Volumen Bruto (miles m3),,,,10.800,,10.800,5.315,4.855,10.170,,,,20.970
,,,Lamina Bruta (cm),0,0,0,143,0,143,80,69,74,0,0,0,98
,,2 cultivos,Usuarios,,,,79,,79,14,4,18,,,,97
,,,Superficie Física Regada (ha),,,,116,,116,27,8,35,,,,151
,,,Volumen Bruto (miles m3),,,,306,,306,72,23,95,,,,401
,,,Lamina Bruta (cm),0,0,0,26,0,26,27,28,27,0,0,0,27
Suma de Usuarios 003A,,,,,,,591,,591,373,473,846,,,,1.437
Suma de Superficie Física Regada 003A,,,,,,,871,,871,693,716,1.409,,,,2.280
Suma de Volumen Bruto 003A,,,,,,,11.106,,11.106,5.387,4.878,10.265,,,,21.371
Lámina Bruta 003A,,,,0,0,0,128,0,128,78,68,73,0,0,0,94
004,"Don Martín, N.L.",1 cultivo,Usuarios,40,310,350,,,,,,,,,,350
,,,Superficie Física Regada (ha),807,5.936,6.743,,,,,,,,,,6.743
,,,Volumen Bruto (miles m3),4.916,36.166,41.082,,,,,,,,,,41.082
,,,Lamina Bruta (cm),61,61,61,0,0,0,0,0,0,0,0,0,61
Suma de Usuarios 004,,,,40,310,350,,,,,,,,,,350
Suma de Superficie Física Regada 004,,,,807,5.936,6.743,,,,,,,,,,6.743
Suma de Volumen Bruto 004,,,,4.916,36.166,41.082,,,,,,,,,,41.082
Lámina Bruta 004,,,,61,61,61,0,0,0,0,0,0,0,0,0,61
005,"Cd. Delicias, Chih.",1 cultivo,Usuarios,2.520,5.539,8.059,,,,,,,250,760,1.010,9.069
,,,Superficie Física Regada (ha),16.124,30.015,46.139,,,,,,,1.261,2.681,3.942,50.081
,,,Volumen Bruto (miles m3),344.651,586.937,931.588,,,,,,,22.706,48.257,70.963,1.002.551
,,,Lamina Bruta (cm),214,196,202,0,0,0,0,0,0,180,180,180,200
Suma de Usuarios 005,,,,2.520,5.539,8.059,,,,,,,250,760,1.010,9.069
Suma de Superficie Física Regada 005,,,,16.124,30.015,46.139,,,,,,,1.261,2.681,3.942,50.081
Suma de Volumen Bruto 005,,,,344.651,586.937,931.588,,,,,,,22.706,48.257,70.963,1.002.551
Lámina Bruta 005,,,,214,196,202,0,0,0,0,0,0,180,180,180,200
006,"Palestina, Coah.",1 cultivo,Usuarios,241,92,333,196,57,253,105,,105,,,,691
,,,Superficie Física Regada (ha),1.082,1.098,2.180,1.073,781,1.854,260,,260,,,,4.293
,,,Volumen Bruto (miles m3),11.838,10.802,22.640,13.176,9.656,22.832,1.630,,1.630,,,,47.102
,,,Lamina Bruta (cm),109,98,104,123,124,123,63,0,63,0,0,0,110
Suma de Usuarios 006,,,,241,92,333,196,57,253,105,,105,,,,691
Suma de Superficie Física Regada 006,,,,1.082,1.098,2.180,1.073,781,1.854,260,,260,,,,4.293
Suma de Volumen Bruto 006,,,,11.838,10.802,22.640,13.176,9.656,22.832,1.630,,1.630,,,,47.102
Lámina Bruta 006,,,,109,98,104,123,124,123,63,0,63,0,0,0,110
008,"Meztitlan, Hgo.",1 cultivo,Usuarios,,,,313,281,594,,,,,2,2,596
,,,Superficie Física Regada (ha),,,,206,780,986,,,,,1,1,987
,,,Volumen Bruto (miles m3),,,,1.217,4.313,5.530,,,,,7,7,5.537
,,,Lamina Bruta (cm),0,0,0,59,55,56,0,0,0,0,62,62,56
,,2 cultivos,Usuarios,,,,756,687,1.443,,,,,6,6,1.449
,,,Superficie Física Regada (ha),,,,538,1.821,2.359,,,,,15,15,2.374
,,,Volumen Bruto (miles m3),,,,6.126,18.975,25.102,,,,,164,164,25.266
,,,Lamina Bruta (cm),0,0,0,114,104,106,0,0,0,0,107,107,106
Suma de Usuarios 008,,,,,,,1.069,968,2.037,,,,,8,8,2.045
Suma de Superficie Física Regada 008,,,,,,,744,2.601,3.345,,,,,17,17,3.362
Suma de Volumen Bruto 008,,,,,,,7.343,23.288,30.632,,,,,172,172,30.803
Lámina Bruta 008,,,,0,0,0,99,90,92,0,0,0,0,104,104,92
009,"Cd. Juarez, Chih.",1 cultivo,Usuarios,,,,542,137,679,,,,47,,47,726
,,,Superficie Física Regada (ha),,,,3.794,2.061,5.855,,,,326,,326,6.181
,,,Volumen Bruto (miles m3),,,,54.060,29.367,83.427,,,,4.647,,4.647,88.074
,,,Lamina Bruta (cm),0,0,0,142,142,142,0,0,0,143,0,143,142
,,2 cultivos,Usuarios,,,,64,14,78,,,,,,,78
,,,Superficie Física Regada (ha),,,,450,214,664,,,,,,,664
,,,Volumen Bruto (miles m3),,,,4.451,1.982,6.432,,,,,,,6.432
,,,Lamina Bruta (cm),0,0,0,99,93,97,0,0,0,0,0,0,97
Suma de Usuarios 009,,,,,,,606,151,757,,,,47,,47,804
Suma de Superficie Física Regada 009,,,,,,,4.244,2.275,6.519,,,,326,,326,6.845
Suma de Volumen Bruto 009,,,,,,,58.510,31.349,89.859,,,,4.647,,4.647,94.506
Lámina Bruta 009,,,,0,0,0,138,138,138,0,0,0,143,0,143,138
010,"Culiacan-Humaya, Sin.",1 cultivo,Usuarios,19.157,5.988,25.145,,,,,,,,,,25.145
,,,Superficie Física Regada (ha),148.933,90.211,239.144,,,,,,,,,,239.144
,,,Volumen Bruto (miles m3),1.204.675,724.405,1.929.080,,,,,,,,,,1.929.080
,,,Lamina Bruta (cm),81,80,81,0,0,0,0,0,0,0,0,0,81
,,2 cultivos,Usuarios,5.034,2.938,7.972,,,,,,,,,,7.972
,,,Superficie Física Regada (ha),38.426,13.454,51.880,,,,,,,,,,51.880
,,,Volumen Bruto (miles m3),308.119,109.159,417.278,,,,,,,,,,417.278
,,,Lamina Bruta (cm),80,81,80,0,0,0,0,0,0,0,0,0,80
Suma de Usuarios 010,,,,24.191,8.926,33.117,,,,,,,,,,33.117
Suma de Superficie Física Regada 010,,,,187.359,103.665,291.024,,,,,,,,,,291.024
Suma de Volumen Bruto 010,,,,1.512.794,833.564,2.346.358,,,,,,,,,,2.346.358
Lámina Bruta 010,,,,81,80,81,0,0,0,0,0,0,0,0,0,81
011,"Alto Rio Lerma, Gto.",1 cultivo,Usuarios,4.892,5.908,10.800,,,,,,,5.831,7.057,12.888,23.688
,,,Superficie Física Regada (ha),25.263,30.570,55.833,,,,,,,19.121,23.138,42.259,98.092
,,,Volumen Bruto (miles m3),129.502,156.709,286.211,,,,,,,152.690,184.769,337.459,623.670
,,,Lamina Bruta (cm),51,51,51,0,0,0,0,0,0,80,80,80,64
,,2 cultivos,Usuarios,158,192,350,,,,,,,2.009,2.431,4.440,4.790
,,,Superficie Física Regada (ha),860,1.041,1.901,,,,,,,10.943,13.241,24.184,26.085
,,,Volumen Bruto (miles m3),3.614,4.373,7.986,,,,,,,38.486,46.571,85.056,93.043
,,,Lamina Bruta (cm),42,42,42,0,0,0,0,0,0,35,35,35,36
Suma de Usuarios 011,,,,5.050,6.100,11.150,,,,,,,7.840,9.488,17.328,28.478
Suma de Superficie Física Regada 011,,,,26.123,31.611,57.734,,,,,,,30.064,36.379,66.443,124.177
Suma de Volumen Bruto 011,,,,133.116,161.082,294.197,,,,,,,191.176,231.339,422.515,716.712
Lámina Bruta 011,,,,51,51,51,0,0,0,0,0,0,64,64,64,58
013,"Edo. De Jalisco, Jal.",1 cultivo,Usuarios,3.995,655,4.650,1.752,217,1.969,1.515,194,1.709,,,,8.328
,,,Superficie Física Regada (ha),9.327,2.976,12.302,5.593,752,6.346,5.171,2.434,7.605,,,,26.253
,,,Volumen Bruto (miles m3),69.130,18.011,87.141,69.029,7.638,76.666,34.457,16.235,50.692,,,,214.499
,,,Lamina Bruta (cm),74,61,71,123,102,121,67,67,67,0,0,0,82
,,2 cultivos,Usuarios,92,13,105,245,10,255,52,,52,,,,412
,,,Superficie Física Regada (ha),277,76,353,859,20,879,103,,103,,,,1.334
,,,Volumen Bruto (miles m3),905,247,1.151,2.555,167,2.722,594,,594,,,,4.466
,,,Lamina Bruta (cm),33,33,33,30,84,31,58,0,58,0,0,0,33
Suma de Usuarios 013,,,,4.087,668,4.755,1.997,227,2.224,1.567,194,1.761,,,,8.740
Suma de Superficie Física Regada 013,,,,9.604,3.051,12.655,6.452,772,7.224,5.274,2.434,7.708,,,,27.587
Suma de Volumen Bruto 013,,,,70.034,18.257,88.292,71.584,7.805,79.388,35.050,16.235,51.286,,,,218.965
Lámina Bruta 013,,,,73,60,70,111,101,110,66,67,67,0,0,0,79
014,"Rio Colorado, BC.",1 cultivo,Usuarios,,,,4.562,4.537,9.099,,,,1.863,1.963,3.826,12.925
,,,Superficie Física Regada (ha),,,,59.310,62.612,121.922,,,,31.240,32.979,64.219,186.141
,,,Volumen Bruto (miles m3),,,,851.337,959.808,1.811.145,,,,384.770,406.188,790.958,2.602.103
,,,Lamina Bruta (cm),0,0,0,144,153,149,0,0,0,123,123,123,140
,,2 cultivos,Usuarios,,,,232,226,458,,,,66,62,128,586
,,,Superficie Física Regada (ha),,,,2.981,2.811,5.792,,,,984,929,1.913,7.705
,,,Volumen Bruto (miles m3),,,,32.100,30.270,62.370,,,,6.637,6.265,12.902,75.272
,,,Lamina Bruta (cm),0,0,0,108,108,108,0,0,0,67,67,67,98
Suma de Usuarios 014,,,,,,,4.794,4.763,9.557,,,,1.929,2.025,3.954,13.511
Suma de Superficie Física Regada 014,,,,,,,62.291,65.423,127.714,,,,32.224,33.908,66.132,193.846
Suma de Volumen Bruto 014,,,,,,,883.437,990.078,1.873.515,,,,391.407,412.453,803.860,2.677.375
Lámina Bruta 014,,,,0,0,0,142,151,147,0,0,0,121,122,122,138
016,"Edo.De Morelos, Mor.",1 cultivo,Usuarios,870,297,1.167,10.202,2.430,12.632,,,,,,,13.799
,,,Superficie Física Regada (ha),896,298,1.194,19.282,4.820,24.102,,,,,,,25.296
,,,Volumen Bruto (miles m3),8.640,2.880,11.520,458.037,114.509,572.546,,,,,,,584.066
,,,Lamina Bruta (cm),96,97,96,238,238,238,0,0,0,0,0,0,231
,,2 cultivos,Usuarios,,,,1.630,401,2.031,,,,,,,2.031
,,,Superficie Física Regada (ha),,,,2.727,682,3.409,,,,,,,3.409
,,,Volumen Bruto (miles m3),,,,38.462,9.615,48.077,,,,,,,48.077
,,,Lamina Bruta (cm),0,0,0,141,141,141,0,0,0,0,0,0,141
Suma de Usuarios 016,,,,870,297,1.167,11.832,2.831,14.663,,,,,,,15.830
Suma de Superficie Física Regada 016,,,,896,298,1.194,22.009,5.502,27.511,,,,,,,28.705
Suma de Volumen Bruto 016,,,,8.640,2.880,11.520,496.499,124.124,620.623,,,,,,,632.143
Lámina Bruta 016,,,,96,97,96,226,226,226,0,0,0,0,0,0,220
017,"Region Lagunera,Coah.Dgo.",1 cultivo,Usuarios,30.995,2.255,33.250,,,,,,,,,,33.250
,,,Superficie Física Regada (ha),38.836,10.536,49.372,,,,,,,,,,49.372
,,,Volumen Bruto (miles m3),667.763,181.160,848.923,,,,,,,,,,848.923
,,,Lamina Bruta (cm),172,172,172,0,0,0,0,0,0,0,0,0,172
Suma de Usuarios 017,,,,30.995,2.255,33.250,,,,,,,,,,33.250
Suma de Superficie Física Regada 017,,,,38.836,10.536,49.372,,,,,,,,,,49.372
Suma de Volumen Bruto 017,,,,667.763,181.160,848.923,,,,,,,,,,848.923
Lámina Bruta 017,,,,172,172,172,0,0,0,0,0,0,0,0,0,172
018,"Colonias Yaquis, Son.",1 cultivo,Usuarios,1.425,,1.425,,,,,,,,,,1.425
,,,Superficie Física Regada (ha),13.811,,13.811,,,,,,,,,,13.811
,,,Volumen Bruto (miles m3),185.537,,185.537,,,,,,,,,,185.537
,,,Lamina Bruta (cm),134,0,134,0,0,0,0,0,0,0,0,0,134
,,2 cultivos,Usuarios,365,,365,,,,,,,,,,365
,,,Superficie Física Regada (ha),3.540,,3.540,,,,,,,,,,3.540
,,,Volumen Bruto (miles m3),79.888,,79.888,,,,,,,,,,79.888
,,,Lamina Bruta (cm),226,0,226,0,0,0,0,0,0,0,0,0,226
Suma de Usuarios 018,,,,1.790,,1.790,,,,,,,,,,1.790
Suma de Superficie Física Regada 018,,,,17.351,,17.351,,,,,,,,,,17.351
Suma de Volumen Bruto 018,,,,265.425,,265.425,,,,,,,,,,265.425
Lámina Bruta 018,,,,153,0,153,0,0,0,0,0,0,0,0,0,153
019,"Tehuantepec, Oax.",1 cultivo,Usuarios,3.326,1.706,5.032,218,,218,,,,,,,5.250
,,,Superficie Física Regada (ha),11.644,10.236,21.880,766,,766,,,,,,,22.646
,,,Volumen Bruto (miles m3),230.581,201.444,432.025,14.498,,14.498,,,,,,,446.524
,,,Lamina Bruta (cm),198,197,197,189,0,189,0,0,0,0,0,0,197
,,2 cultivos,Usuarios,62,41,103,,,,,,,,,,103
,,,Superficie Física Regada (ha),218,208,426,,,,,,,,,,426
,,,Volumen Bruto (miles m3),3.514,3.351,6.865,,,,,,,,,,6.865
,,,Lamina Bruta (cm),161,161,161,0,0,0,0,0,0,0,0,0,161
Suma de Usuarios 019,,,,3.388,1.747,5.135,218,,218,,,,,,,5.353
Suma de Superficie Física Regada 019,,,,11.862,10.444,22.306,766,,766,,,,,,,23.072
Suma de Volumen Bruto 019,,,,234.095,204.796,438.891,14.498,,14.498,,,,,,,453.389
Lámina Bruta 019,,,,197,196,197,189,0,189,0,0,0,0,0,0,197
020,"Morelia, Mich.",1 cultivo,Usuarios,2.119,1.228,3.347,127,95,222,,,,987,470,1.457,5.026
,,,Superficie Física Regada (ha),8.559,4.636,13.195,343,270,613,,,,2.947,1.671,4.618,18.426
,,,Volumen Bruto (miles m3),38.259,20.988,59.247,624,491,1.116,,,,14.318,8.378,22.696,83.058
,,,Lamina Bruta (cm),45,45,45,18,18,18,0,0,0,49,50,49,45
,,2 cultivos,Usuarios,61,49,110,,,,,,,39,25,64,174
,,,Superficie Física Regada (ha),213,184,397,,,,,,,152,105,257,654
,,,Volumen Bruto (miles m3),443,386,829,,,,,,,276,189,465,1.294
,,,Lamina Bruta (cm),21,21,21,0,0,0,0,0,0,18,18,18,20
Suma de Usuarios 020,,,,2.180,1.277,3.457,127,95,222,,,,1.026,495,1.521,5.200
Suma de Superficie Física Regada 020,,,,8.772,4.820,13.592,343,270,613,,,,3.099,1.776,4.875,19.080
Suma de Volumen Bruto 020,,,,38.702,21.373,60.075,624,491,1.116,,,,14.594,8.567,23.161,84.352
Lámina Bruta 020,,,,44,44,44,18,18,18,0,0,0,47,48,48,44
023,"San Juan Del Rio, Qro.",1 cultivo,Usuarios,350,15,365,,,,,,,1.300,35,1.335,1.700
,,,Superficie Física Regada (ha),1.050,18,1.068,,,,,,,3.879,138,4.017,5.085
,,,Volumen Bruto (miles m3),5.358,176,5.534,,,,,,,58.466,1.094,59.560,65.095
,,,Lamina Bruta (cm),51,98,52,0,0,0,0,0,0,151,79,148,128
,,2 cultivos,Usuarios,,,,,,,,,,336,,336,336
,,,Superficie Física Regada (ha),,,,,,,,,,1.345,,1.345,1.345
,,,Volumen Bruto (miles m3),,,,,,,,,,4.061,,4.061,4.061
,,,Lamina Bruta (cm),0,0,0,0,0,0,0,0,0,30,0,30,30
Suma de Usuarios 023,,,,350,15,365,,,,,,,1.636,35,1.671,2.036
Suma de Superficie Física Regada 023,,,,1.050,18,1.068,,,,,,,5.224,138,5.362,6.430
Suma de Volumen Bruto 023,,,,5.358,176,5.534,,,,,,,62.528,1.094,63.622,69.156
Lámina Bruta 023,,,,51,98,52,0,0,0,0,0,0,120,79,119,108
024,"Cienega De Chapala, Mich.",1 cultivo,Usuarios,376,66,442,1.624,287,1.911,195,49,244,164,70,234,2.831
,,,Superficie Física Regada (ha),1.376,243,1.619,5.947,1.049,6.996,744,186,930,689,295,984,10.529
,,,Volumen Bruto (miles m3),8.560,1.511,10.070,28.677,5.061,33.738,3.541,885,4.426,3.142,1.347,4.488,52.722
,,,Lamina Bruta (cm),62,62,62,48,48,48,48,48,48,46,46,46,50
,,2 cultivos,Usuarios,161,28,189,696,123,819,84,21,105,70,30,100,1.213
,,,Superficie Física Regada (ha),590,104,694,2.549,450,2.999,319,80,399,295,127,422,4.514
,,,Volumen Bruto (miles m3),3.668,647,4.316,12.290,2.169,14.459,1.518,379,1.897,1.347,577,1.924,22.595
,,,Lamina Bruta (cm),62,62,62,48,48,48,48,47,48,46,45,46,50
Suma de Usuarios 024,,,,537,94,631,2.320,410,2.730,279,70,349,234,100,334,4.044
Suma de Superficie Física Regada 024,,,,1.966,347,2.313,8.496,1.499,9.995,1.063,266,1.329,984,422,1.406,15.043
Suma de Volumen Bruto 024,,,,12.228,2.158,14.386,40.967,7.230,48.197,5.058,1.265,6.323,4.488,1.924,6.412,75.318
Lámina Bruta 024,,,,62,62,62,48,48,48,48,48,48,46,46,46,50
025,"Bajo Rio Bravo, Tamps.",1 cultivo,Usuarios,5.743,8.056,13.799,,,,98,137,235,,,,14.034
,,,Superficie Física Regada (ha),50.040,135.293,185.333,,,,853,2.307,3.160,,,,188.493
,,,Volumen Bruto (miles m3),129.338,349.690,479.027,,,,1.593,4.307,5.900,,,,484.928
,,,Lamina Bruta (cm),26,26,26,0,0,0,19,19,19,0,0,0,26
Suma de Usuarios 025,,,,5.743,8.056,13.799,,,,98,137,235,,,,14.034
Suma de Superficie Física Regada 025,,,,50.040,135.293,185.333,,,,853,2.307,3.160,,,,188.493
Suma de Volumen Bruto 025,,,,129.338,349.690,479.027,,,,1.593,4.307,5.900,,,,484.928
Lámina Bruta 025,,,,26,26,26,0,0,0,19,19,19,0,0,0,26
026,"Bajo Rio San Juan, Tamps.",1 cultivo,Usuarios,1.145,2.010,3.155,,,,,596,596,,,,3.751
,,,Superficie Física Regada (ha),8.182,45.566,53.748,,,,,6.340,6.340,,,,60.088
,,,Volumen Bruto (miles m3),30.041,171.390,201.431,,,,,21.444,21.444,,,,222.875
,,,Lamina Bruta (cm),37,38,37,0,0,0,0,34,34,0,0,0,37
Suma de Usuarios 026,,,,1.145,2.010,3.155,,,,,596,596,,,,3.751
Suma de Superficie Física Regada 026,,,,8.182,45.566,53.748,,,,,6.340,6.340,,,,60.088
Suma de Volumen Bruto 026,,,,30.041,171.390,201.431,,,,,21.444,21.444,,,,222.875
Lámina Bruta 026,,,,37,38,37,0,0,0,0,34,34,0,0,0,37
028,"Tulancingo, Hgo.",1 cultivo,Usuarios,109,17,126,153,,153,,,,,,,279
,,,Superficie Física Regada (ha),170,57,227,346,,346,,,,,,,573
,,,Volumen Bruto (miles m3),919,366,1.285,11.197,,11.197,,,,,,,12.482
,,,Lamina Bruta (cm),54,64,57,324,0,324,0,0,0,0,0,0,218
,,2 cultivos,Usuarios,,,,1,,1,,,,,,,1
,,,Superficie Física Regada (ha),,,,1,,1,,,,,,,1
,,,Volumen Bruto (miles m3),,,,1,,1,,,,,,,1
,,,Lamina Bruta (cm),0,0,0,26,0,26,0,0,0,0,0,0,26
Suma de Usuarios 028,,,,109,17,126,154,,154,,,,,,,280
Suma de Superficie Física Regada 028,,,,170,57,227,346,,346,,,,,,,573
Suma de Volumen Bruto 028,,,,919,366,1.285,11.198,,11.198,,,,,,,12.483
Lámina Bruta 028,,,,54,64,57,323,0,323,0,0,0,0,0,0,218
029,"Xicotencatl, Tamps.",1 cultivo,Usuarios,658,165,823,166,207,373,,,,,,,1.196
,,,Superficie Física Regada (ha),7.427,2.838,10.265,1.366,5.784,7.150,,,,,,,17.415
,,,Volumen Bruto (miles m3),96.031,36.654,132.685,19.887,87.516,107.403,,,,,,,240.088
,,,Lamina Bruta (cm),129,129,129,146,151,150,0,0,0,0,0,0,138
Suma de Usuarios 029,,,,658,165,823,166,207,373,,,,,,,1.196
Suma de Superficie Física Regada 029,,,,7.427,2.838,10.265,1.366,5.784,7.150,,,,,,,17.415
Suma de Volumen Bruto 029,,,,96.031,36.654,132.685,19.887,87.516,107.403,,,,,,,240.088
Lámina Bruta 029,,,,129,129,129,146,151,150,0,0,0,0,0,0,138
030,"Valsequillo, Pue.",1 cultivo,Usuarios,4.245,4.787,9.032,,,,,,,1.198,1.350,2.548,11.580
,,,Superficie Física Regada (ha),10.424,11.754,22.178,,,,,,,2.813,3.190,6.003,28.181
,,,Volumen Bruto (miles m3),126.927,143.131,270.058,,,,,,,49.115,55.385,104.500,374.558
,,,Lamina Bruta (cm),122,122,122,0,0,0,0,0,0,175,174,174,133
Suma de Usuarios 030,,,,4.245,4.787,9.032,,,,,,,1.198,1.350,2.548,11.580
Suma de Superficie Física Regada 030,,,,10.424,11.754,22.178,,,,,,,2.813,3.190,6.003,28.181
Suma de Volumen Bruto 030,,,,126.927,143.131,270.058,,,,,,,49.115,55.385,104.500,374.558
Lámina Bruta 030,,,,122,122,122,0,0,0,0,0,0,175,174,174,133
031,"Las Lajas, N.L.",1 cultivo,Usuarios,,,,,135,135,,25,25,,,,160
,,,Superficie Física Regada (ha),,,,,1.879,1.879,,502,502,,,,2.381
,,,Volumen Bruto (miles m3),,,,,11.915,11.915,,2.401,2.401,,,,14.316
,,,Lamina Bruta (cm),0,0,0,0,63,63,0,48,48,0,0,0,60
Suma de Usuarios 031,,,,,,,,135,135,,25,25,,,,160
Suma de Superficie Física Regada 031,,,,,,,,1.879,1.879,,502,502,,,,2.381
Suma de Volumen Bruto 031,,,,,,,,11.915,11.915,,2.401,2.401,,,,14.316
Lámina Bruta 031,,,,0,0,0,0,63,63,0,48,48,0,0,0,60
033,"Edo. De Mexico, Mex.",1 cultivo,Usuarios,7.076,1.516,8.592,4.115,404,4.519,,,,,,,13.111
,,,Superficie Física Regada (ha),9.345,1.459,10.804,5.372,546,5.917,,,,,,,16.721
,,,Volumen Bruto (miles m3),31.756,3.562,35.318,24.241,2.260,26.501,,,,,,,61.819
,,,Lamina Bruta (cm),34,24,33,45,41,45,0,0,0,0,0,0,37
Suma de Usuarios 033,,,,7.076,1.516,8.592,4.115,404,4.519,,,,,,,13.111
Suma de Superficie Física Regada 033,,,,9.345,1.459,10.804,5.372,546,5.917,,,,,,,16.721
Suma de Volumen Bruto 033,,,,31.756,3.562,35.318,24.241,2.260,26.501,,,,,,,61.819
Lámina Bruta 033,,,,34,24,33,45,41,45,0,0,0,0,0,0,37
034,"Edo. De Zacatecas, Zac.",1 cultivo,Usuarios,1.763,2.120,3.883,,,,9,27,36,,,,3.919
,,,Superficie Física Regada (ha),2.280,5.007,7.286,,,,114,521,635,,,,7.921
,,,Volumen Bruto (miles m3),22.799,72.910,95.709,,,,947,5.974,6.921,,,,102.631
,,,Lamina Bruta (cm),100,146,131,0,0,0,83,115,109,0,0,0,130
,,2 cultivos,Usuarios,25,308,333,,,,1,,1,,,,334
,,,Superficie Física Regada (ha),26,717,743,,,,1,,1,,,,744
,,,Volumen Bruto (miles m3),110,5.466,5.576,,,,3,,3,,,,5.578
,,,Lamina Bruta (cm),43,76,75,0,0,0,34,0,34,0,0,0,75
Suma de Usuarios 034,,,,1.788,2.428,4.216,,,,10,27,37,,,,4.253
Suma de Superficie Física Regada 034,,,,2.305,5.724,8.029,,,,114,521,636,,,,8.665
Suma de Volumen Bruto 034,,,,22.909,78.376,101.285,,,,950,5.974,6.924,,,,108.209
Lámina Bruta 034,,,,99,137,126,0,0,0,83,115,109,0,0,0,125
035,"La Antigua, Ver.",1 cultivo,Usuarios,,,,3.660,1.061,4.721,,,,,,,4.721
,,,Superficie Física Regada (ha),,,,13.750,6.382,20.131,,,,,,,20.131
,,,Volumen Bruto (miles m3),,,,342.214,158.831,501.045,,,,,,,501.045
,,,Lamina Bruta (cm),0,0,0,249,249,249,0,0,0,0,0,0,249
,,2 cultivos,Usuarios,,,,156,29,185,,,,,,,185
,,,Superficie Física Regada (ha),,,,285,135,420,,,,,,,420
,,,Volumen Bruto (miles m3),,,,9.330,4.431,13.761,,,,,,,13.761
,,,Lamina Bruta (cm),0,0,0,327,327,327,0,0,0,0,0,0,327
Suma de Usuarios 035,,,,,,,3.816,1.090,4.906,,,,,,,4.906
Suma de Superficie Física Regada 035,,,,,,,14.035,6.517,20.552,,,,,,,20.552
Suma de Volumen Bruto 035,,,,,,,351.544,163.262,514.806,,,,,,,514.806
Lámina Bruta 035,,,,0,0,0,250,251,250,0,0,0,0,0,0,250
037,"Altar Pitiquito, Son.",1 cultivo,Usuarios,120,273,393,,,,,,,1.962,1.250,3.212,3.605
,,,Superficie Física Regada (ha),180,463,643,,,,,,,8.320,27.870,36.190,36.833
,,,Volumen Bruto (miles m3),2.219,5.710,7.929,,,,,,,142.938,478.666,621.604,629.533
,,,Lamina Bruta (cm),123,123,123,0,0,0,0,0,0,172,172,172,171
Suma de Usuarios 037,,,,120,273,393,,,,,,,1.962,1.250,3.212,3.605
Suma de Superficie Física Regada 037,,,,180,463,643,,,,,,,8.320,27.870,36.190,36.833
Suma de Volumen Bruto 037,,,,2.219,5.710,7.929,,,,,,,142.938,478.666,621.604,629.533
Lámina Bruta 037,,,,123,123,123,0,0,0,0,0,0,172,172,172,171
038,"Rio Mayo, Son.",1 cultivo,Usuarios,5.595,3.056,8.651,,,,,,,,,,8.651
,,,Superficie Física Regada (ha),50.744,33.829,84.573,,,,,,,,,,84.573
,,,Volumen Bruto (miles m3),456.464,347.263,803.727,,,,,,,,,,803.727
,,,Lamina Bruta (cm),90,103,95,0,0,0,0,0,0,0,0,0,95
,,2 cultivos,Usuarios,396,212,608,,,,,,,,,,608
,,,Superficie Física Regada (ha),3.175,2.117,5.292,,,,,,,,,,5.292
,,,Volumen Bruto (miles m3),60.224,40.149,100.373,,,,,,,,,,100.373
,,,Lamina Bruta (cm),190,190,190,0,0,0,0,0,0,0,0,0,190
Suma de Usuarios 038,,,,5.991,3.268,9.259,,,,,,,,,,9.259
Suma de Superficie Física Regada 038,,,,53.919,35.946,89.865,,,,,,,,,,89.865
Suma de Volumen Bruto 038,,,,516.688,387.412,904.100,,,,,,,,,,904.100
Lámina Bruta 038,,,,96,108,101,0,0,0,0,0,0,0,0,0,101
041,"Rio Yaqui, Son.",1 cultivo,Usuarios,8.233,6.593,14.826,,,,,,,141,113,254,15.080
,,,Superficie Física Regada (ha),110.159,88.220,198.379,,,,,,,1.928,1.543,3.471,201.850
,,,Volumen Bruto (miles m3),1.029.372,824.350,1.853.722,,,,,,,13.207,10.577,23.784,1.877.506
,,,Lamina Bruta (cm),93,93,93,0,0,0,0,0,0,69,69,69,93
,,2 cultivos,Usuarios,3.877,3.105,6.982,,,,,,,81,64,145,7.127
,,,Superficie Física Regada (ha),30.829,24.688,55.517,,,,,,,898,720,1.618,57.135
,,,Volumen Bruto (miles m3),172.491,138.136,310.627,,,,,,,3.507,2.808,6.315,316.942
,,,Lamina Bruta (cm),56,56,56,0,0,0,0,0,0,39,39,39,55
Suma de Usuarios 041,,,,12.110,9.698,21.808,,,,,,,222,177,399,22.207
Suma de Superficie Física Regada 041,,,,140.988,112.908,253.896,,,,,,,2.826,2.263,5.089,258.985
Suma de Volumen Bruto 041,,,,1.201.863,962.486,2.164.349,,,,,,,16.714,13.385,30.099,2.194.448
Lámina Bruta 041,,,,85,85,85,0,0,0,0,0,0,59,59,59,85
042,"Buenaventura, Chih.",1 cultivo,Usuarios,394,154,548,,175,175,,,,243,61,304,1.027
,,,Superficie Física Regada (ha),2.513,358,2.871,,879,879,,,,1.309,327,1.636,5.385
,,,Volumen Bruto (miles m3),47.859,7.494,55.353,,17.713,17.713,,,,24.617,6.154,30.771,103.837
,,,Lamina Bruta (cm),190,209,193,0,202,202,0,0,0,188,188,188,193
Suma de Usuarios 042,,,,394,154,548,,175,175,,,,243,61,304,1.027
Suma de Superficie Física Regada 042,,,,2.513,358,2.871,,879,879,,,,1.309,327,1.636,5.385
Suma de Volumen Bruto 042,,,,47.859,7.494,55.353,,17.713,17.713,,,,24.617,6.154,30.771,103.837
Lámina Bruta 042,,,,190,209,193,0,202,202,0,0,0,188,188,188,193
043,"Edo. De Nayarit, Nay.",1 cultivo,Usuarios,,,,2.636,274,2.910,753,105,858,19,3,22,3.790
,,,Superficie Física Regada (ha),,,,10.456,4.704,15.160,3.597,1.229,4.826,62,28,90,20.076
,,,Volumen Bruto (miles m3),,,,161.076,46.506,207.582,31.733,5.971,37.704,515,223,738,246.024
,,,Lamina Bruta (cm),0,0,0,154,99,137,88,49,78,83,80,82,123
,,2 cultivos,Usuarios,,,,348,28,376,52,8,60,22,4,26,462
,,,Superficie Física Regada (ha),,,,1.346,293,1.639,270,86,356,80,42,122,2.117
,,,Volumen Bruto (miles m3),,,,17.710,7.270,24.980,1.638,337,1.975,1.143,891,2.034,28.989
,,,Lamina Bruta (cm),0,0,0,132,248,152,61,39,55,143,212,167,137
Suma de Usuarios 043,,,,,,,2.984,302,3.286,805,113,918,41,7,48,4.252
Suma de Superficie Física Regada 043,,,,,,,11.802,4.997,16.799,3.867,1.315,5.182,142,70,212,22.193
Suma de Volumen Bruto 043,,,,,,,178.786,53.776,232.562,33.371,6.308,39.679,1.658,1.114,2.772,275.013
Lámina Bruta 043,,,,0,0,0,151,108,138,86,48,77,117,159,131,124
044,"Jilotepec, Mex.",1 cultivo,Usuarios,619,416,1.035,,,,,,,,,,1.035
,,,Superficie Física Regada (ha),1.109,1.202,2.311,,,,,,,,,,2.311
,,,Volumen Bruto (miles m3),5.857,6.345,12.202,,,,,,,,,,12.202
,,,Lamina Bruta (cm),53,53,53,0,0,0,0,0,0,0,0,0,53
Suma de Usuarios 044,,,,619,416,1.035,,,,,,,,,,1.035
Suma de Superficie Física Regada 044,,,,1.109,1.202,2.311,,,,,,,,,,2.311
Suma de Volumen Bruto 044,,,,5.857,6.345,12.202,,,,,,,,,,12.202
Lámina Bruta 044,,,,53,53,53,0,0,0,0,0,0,0,0,0,53
045,"Tuxpan, Mich.",1 cultivo,Usuarios,869,347,1.216,2.841,1.488,4.329,,,,167,,167,5.712
,,,Superficie Física Regada (ha),2.947,1.699,4.646,7.555,5.268,12.823,,,,383,,383,17.852
,,,Volumen Bruto (miles m3),21.350,19.499,40.849,70.309,44.669,114.978,,,,2.439,,2.439,158.265
,,,Lamina Bruta (cm),72,115,88,93,85,90,0,0,0,64,0,64,89
,,2 cultivos,Usuarios,,,,197,101,298,,,,,,,298
,,,Superficie Física Regada (ha),,,,450,222,672,,,,,,,672
,,,Volumen Bruto (miles m3),,,,1.038,562,1.600,,,,,,,1.600
,,,Lamina Bruta (cm),0,0,0,23,25,24,0,0,0,0,0,0,24
Suma de Usuarios 045,,,,869,347,1.216,3.038,1.589,4.627,,,,167,,167,6.010
Suma de Superficie Física Regada 045,,,,2.947,1.699,4.646,8.005,5.490,13.495,,,,383,,383,18.524
Suma de Volumen Bruto 045,,,,21.350,19.499,40.849,71.347,45.231,116.578,,,,2.439,,2.439,159.865
Lámina Bruta 045,,,,72,115,88,89,82,86,0,0,0,64,0,64,86
046,"Cacahoatan, Chis.",1 cultivo,Usuarios,,,,435,133,568,,,,,,,568
,,,Superficie Física Regada (ha),,,,2.216,3.876,6.092,,,,,,,6.092
,,,Volumen Bruto (miles m3),,,,28.242,55.302,83.545,,,,,,,83.545
,,,Lamina Bruta (cm),0,0,0,127,143,137,0,0,0,0,0,0,137
,,2 cultivos,Usuarios,,,,9,5,14,,,,,,,14
,,,Superficie Física Regada (ha),,,,48,107,155,,,,,,,155
,,,Volumen Bruto (miles m3),,,,212,438,650,,,,,,,650
,,,Lamina Bruta (cm),0,0,0,44,41,42,0,0,0,0,0,0,42
Suma de Usuarios 046,,,,,,,444,138,582,,,,,,,582
Suma de Superficie Física Regada 046,,,,,,,2.264,3.983,6.247,,,,,,,6.247
Suma de Volumen Bruto 046,,,,,,,28.454,55.741,84.195,,,,,,,84.195
Lámina Bruta 046,,,,0,0,0,126,140,135,0,0,0,0,0,0,135
048,"Ticul, Yuc.",1 cultivo,Usuarios,,,,,,,,,,4.903,497,5.400,5.400
,,,Superficie Física Regada (ha),,,,,,,,,,8.096,464,8.560,8.560
,,,Volumen Bruto (miles m3),,,,,,,,,,55.491,3.255,58.746,58.746
,,,Lamina Bruta (cm),0,0,0,0,0,0,0,0,0,69,70,69,69
,,2 cultivos,Usuarios,,,,,,,,,,302,,302,302
,,,Superficie Física Regada (ha),,,,,,,,,,289,,289,289
,,,Volumen Bruto (miles m3),,,,,,,,,,1.299,,1.299,1.299
,,,Lamina Bruta (cm),0,0,0,0,0,0,0,0,0,45,0,45,45
Suma de Usuarios 048,,,,,,,,,,,,,5.205,497,5.702,5.702
Suma de Superficie Física Regada 048,,,,,,,,,,,,,8.385,464,8.849,8.849
Suma de Volumen Bruto 048,,,,,,,,,,,,,56.790,3.255,60.045,60.045
Lámina Bruta 048,,,,0,0,0,0,0,0,0,0,0,68,70,68,68
049,"Rio Verde, S.L.P.",1 cultivo,Usuarios,,,,763,474,1.237,,,,,,,1.237
,,,Superficie Física Regada (ha),,,,987,1.360,2.347,,,,,,,2.347
,,,Volumen Bruto (miles m3),,,,18.446,34.604,53.050,,,,,,,53.050
,,,Lamina Bruta (cm),0,0,0,187,254,226,0,0,0,0,0,0,226
,,2 cultivos,Usuarios,,,,759,180,939,,,,,,,939
,,,Superficie Física Regada (ha),,,,953,502,1.455,,,,,,,1.455
,,,Volumen Bruto (miles m3),,,,5.103,2.662,7.764,,,,,,,7.764
,,,Lamina Bruta (cm),0,0,0,54,53,53,0,0,0,0,0,0,53
Suma de Usuarios 049,,,,,,,1.522,654,2.176,,,,,,,2.176
Suma de Superficie Física Regada 049,,,,,,,1.940,1.862,3.802,,,,,,,3.802
Suma de Volumen Bruto 049,,,,,,,23.549,37.266,60.815,,,,,,,60.815
Lámina Bruta 049,,,,0,0,0,121,200,160,0,0,0,0,0,0,160
050,"Acuña Falcon, Tamps.",1 cultivo,Usuarios,,,,,,,22,42,64,,,,64
,,,Superficie Física Regada (ha),,,,,,,370,715,1.085,,,,1.085
,,,Volumen Bruto (miles m3),,,,,,,1.431,2.774,4.205,,,,4.205
,,,Lamina Bruta (cm),0,0,0,0,0,0,39,39,39,0,0,0,39
Suma de Usuarios 050,,,,,,,,,,22,42,64,,,,64
Suma de Superficie Física Regada 050,,,,,,,,,,370,715,1.085,,,,1.085
Suma de Volumen Bruto 050,,,,,,,,,,1.431,2.774,4.205,,,,4.205
Lámina Bruta 050,,,,0,0,0,0,0,0,39,39,39,0,0,0,39
051,"Costa De Hermosillo, Son.",1 cultivo,Usuarios,,,,,,,,,,221,1.884,2.105,2.105
,,,Superficie Física Regada (ha),,,,,,,,,,1.861,57.010,58.871,58.871
,,,Volumen Bruto (miles m3),,,,,,,,,,11.351,453.424,464.775,464.775
,,,Lamina Bruta (cm),0,0,0,0,0,0,0,0,0,61,80,79,79
Suma de Usuarios 051,,,,,,,,,,,,,221,1.884,2.105,2.105
Suma de Superficie Física Regada 051,,,,,,,,,,,,,1.861,57.010,58.871,58.871
Suma de Volumen Bruto 051,,,,,,,,,,,,,11.351,453.424,464.775,464.775
Lámina Bruta 051,,,,0,0,0,0,0,0,0,0,0,61,80,79,79
052,"Edo. De Durango, Dgo.",1 cultivo,Usuarios,2.939,374,3.313,,,,,,,551,2,553,3.866
,,,Superficie Física Regada (ha),10.223,3.670,13.892,,,,,,,1.876,16,1.892,15.785
,,,Volumen Bruto (miles m3),89.915,41.095,131.010,,,,,,,21.051,198,21.249,152.259
,,,Lamina Bruta (cm),88,112,94,0,0,0,0,0,0,112,124,112,96
,,2 cultivos,Usuarios,44,14,58,,,,,,,,,,58
,,,Superficie Física Regada (ha),180,59,238,,,,,,,,,,238
,,,Volumen Bruto (miles m3),920,299,1.219,,,,,,,,,,1.219
,,,Lamina Bruta (cm),51,51,51,0,0,0,0,0,0,0,0,0,51
Suma de Usuarios 052,,,,2.983,388,3.371,,,,,,,551,2,553,3.924
Suma de Superficie Física Regada 052,,,,10.402,3.728,14.131,,,,,,,1.876,16,1.892,16.023
Suma de Volumen Bruto 052,,,,90.835,41.394,132.229,,,,,,,21.051,198,21.249,153.478
Lámina Bruta 052,,,,87,111,94,0,0,0,0,0,0,112,124,112,96
053,"Edo. De Colima, Col.",1 cultivo,Usuarios,80,92,172,997,543,1.540,,,,,,,1.712
,,,Superficie Física Regada (ha),937,3.038,3.975,5.610,10.923,16.533,,,,,,,20.508
,,,Volumen Bruto (miles m3),34.588,44.582,79.170,136.373,247.966,384.339,,,,,,,463.509
,,,Lamina Bruta (cm),369,147,199,243,227,232,0,0,0,0,0,0,226
,,2 cultivos,Usuarios,42,14,56,132,35,167,,,,,,,223
,,,Superficie Física Regada (ha),466,230,696,858,553,1.411,,,,,,,2.107
,,,Volumen Bruto (miles m3),17.201,8.490,25.691,39.018,17.958,56.976,,,,,,,82.667
,,,Lamina Bruta (cm),369,369,369,455,325,404,0,0,0,0,0,0,392
Suma de Usuarios 053,,,,122,106,228,1.129,578,1.707,,,,,,,1.935
Suma de Superficie Física Regada 053,,,,1.403,3.268,4.671,6.468,11.476,17.944,,,,,,,22.615
Suma de Volumen Bruto 053,,,,51.789,53.072,104.861,175.391,265.924,441.315,,,,,,,546.176
Lámina Bruta 053,,,,369,162,224,271,232,246,0,0,0,0,0,0,242
056,"Atoyac-Zahuapan, Tlax.",1 cultivo,Usuarios,71,22,93,2.196,2.477,4.673,,,,,,,4.766
,,,Superficie Física Regada (ha),103,218,321,1.598,1.800,3.398,,,,,,,3.719
,,,Volumen Bruto (miles m3),686,1.451,2.137,9.960,11.217,21.177,,,,,,,23.314
,,,Lamina Bruta (cm),67,67,67,62,62,62,0,0,0,0,0,0,63
,,2 cultivos,Usuarios,4,8,12,240,272,512,,,,,,,524
,,,Superficie Física Regada (ha),8,11,19,185,210,395,,,,,,,414
,,,Volumen Bruto (miles m3),129,176,305,2.292,2.600,4.892,,,,,,,5.197
,,,Lamina Bruta (cm),161,160,161,124,124,124,0,0,0,0,0,0,126
Suma de Usuarios 056,,,,75,30,105,2.436,2.749,5.185,,,,,,,5.290
Suma de Superficie Física Regada 056,,,,111,229,340,1.783,2.010,3.793,,,,,,,4.133
Suma de Volumen Bruto 056,,,,815,1.627,2.442,12.252,13.817,26.069,,,,,,,28.511
Lámina Bruta 056,,,,73,71,72,69,69,69,0,0,0,0,0,0,69
057,"Amuco Cutzamala, Gro.",1 cultivo,Usuarios,3.293,471,3.764,2.037,658,2.695,,,,,,,6.459
,,,Superficie Física Regada (ha),6.314,1.488,7.802,3.004,2.371,5.375,,,,,,,13.177
,,,Volumen Bruto (miles m3),208.247,41.175,249.422,79.563,57.460,137.023,,,,,,,386.445
,,,Lamina Bruta (cm),330,277,320,265,242,255,0,0,0,0,0,0,293
Suma de Usuarios 057,,,,3.293,471,3.764,2.037,658,2.695,,,,,,,6.459
Suma de Superficie Física Regada 057,,,,6.314,1.488,7.802,3.004,2.371,5.375,,,,,,,13.177
Suma de Volumen Bruto 057,,,,208.247,41.175,249.422,79.563,57.460,137.023,,,,,,,386.445
Lámina Bruta 057,,,,330,277,320,265,242,255,0,0,0,0,0,0,293
059,"Rio Blanco, Chis.",1 cultivo,Usuarios,,,,2.054,465,2.519,,,,,,,2.519
,,,Superficie Física Regada (ha),,,,5.162,2.938,8.100,,,,,,,8.100
,,,Volumen Bruto (miles m3),,,,31.851,18.156,50.007,,,,,,,50.007
,,,Lamina Bruta (cm),0,0,0,62,62,62,0,0,0,0,0,0,62
Suma de Usuarios 059,,,,,,,2.054,465,2.519,,,,,,,2.519
Suma de Superficie Física Regada 059,,,,,,,5.162,2.938,8.100,,,,,,,8.100
Suma de Volumen Bruto 059,,,,,,,31.851,18.156,50.007,,,,,,,50.007
Lámina Bruta 059,,,,0,0,0,62,62,62,0,0,0,0,0,0,62
060,"El Higo, Ver.",1 cultivo,Usuarios,,,,,,,239,59,298,,,,298
,,,Superficie Física Regada (ha),,,,,,,1.107,463,1.571,,,,1.571
,,,Volumen Bruto (miles m3),,,,,,,9.350,4.001,13.351,,,,13.351
,,,Lamina Bruta (cm),0,0,0,0,0,0,84,86,85,0,0,0,85
Suma de Usuarios 060,,,,,,,,,,239,59,298,,,,298
Suma de Superficie Física Regada 060,,,,,,,,,,1.107,463,1.571,,,,1.571
Suma de Volumen Bruto 060,,,,,,,,,,9.350,4.001,13.351,,,,13.351
Lámina Bruta 060,,,,0,0,0,0,0,0,84,86,85,0,0,0,85
061,"Zamora, Mich.",1 cultivo,Usuarios,93,16,109,2.134,404,2.538,419,47,466,116,21,137,3.250
,,,Superficie Física Regada (ha),345,118,463,7.918,2.901,10.819,1.553,340,1.893,430,148,578,13.753
,,,Volumen Bruto (miles m3),7.299,2.497,9.796,115.974,42.523,158.497,22.997,5.035,28.032,5.454,1.877,7.331,203.656
,,,Lamina Bruta (cm),212,212,212,146,147,146,148,148,148,127,127,127,148
Suma de Usuarios 061,,,,93,16,109,2.134,404,2.538,419,47,466,116,21,137,3.250
Suma de Superficie Física Regada 061,,,,345,118,463,7.918,2.901,10.819,1.553,340,1.893,430,148,578,13.753
Suma de Volumen Bruto 061,,,,7.299,2.497,9.796,115.974,42.523,158.497,22.997,5.035,28.032,5.454,1.877,7.331,203.656
Lámina Bruta 061,,,,212,212,212,146,147,146,148,148,148,127,127,127,148
063,"Guasave, Sin.",1 cultivo,Usuarios,10.500,1.241,11.741,,,,,,,382,120,502,12.243
,,,Superficie Física Regada (ha),62.809,19.219,82.028,,,,,,,4.700,1.810,6.510,88.538
,,,Volumen Bruto (miles m3),760.295,227.855,988.150,,,,,,,34.810,13.559,48.369,1.036.519
,,,Lamina Bruta (cm),121,119,120,0,0,0,0,0,0,74,75,74,117
,,2 cultivos,Usuarios,1.592,389,1.981,,,,,,,,,,1.981
,,,Superficie Física Regada (ha),9.789,4.517,14.305,,,,,,,,,,14.305
,,,Volumen Bruto (miles m3),159.011,59.161,218.171,,,,,,,,,,218.171
,,,Lamina Bruta (cm),162,131,153,0,0,0,0,0,0,0,0,0,153
Suma de Usuarios 063,,,,12.092,1.630,13.722,,,,,,,382,120,502,14.224
Suma de Superficie Física Regada 063,,,,72.598,23.736,96.334,,,,,,,4.700,1.810,6.510,102.844
Suma de Volumen Bruto 063,,,,919.306,287.016,1.206.321,,,,,,,34.810,13.559,48.369,1.254.690
Lámina Bruta 063,,,,127,121,125,0,0,0,0,0,0,74,75,74,122
066,"Sto. Domingo, Bcs.",1 cultivo,Usuarios,,,,,,,,,,647,686,1.333,1.333
,,,Superficie Física Regada (ha),,,,,,,,,,4.144,27.244,31.388,31.388
,,,Volumen Bruto (miles m3),,,,,,,,,,38.723,176.970,215.693,215.693
,,,Lamina Bruta (cm),0,0,0,0,0,0,0,0,0,93,65,69,69
Suma de Usuarios 066,,,,,,,,,,,,,647,686,1.333,1.333
Suma de Superficie Física Regada 066,,,,,,,,,,,,,4.144,27.244,31.388,31.388
Suma de Volumen Bruto 066,,,,,,,,,,,,,38.723,176.970,215.693,215.693
Lámina Bruta 066,,,,0,0,0,0,0,0,0,0,0,93,65,69,69
068,"Tepecoacuilco, Gro.",1 cultivo,Usuarios,390,85,475,172,26,198,,,,,,,673
,,,Superficie Física Regada (ha),761,428,1.189,239,118,357,,,,,,,1.546
,,,Volumen Bruto (miles m3),13.728,7.357,21.085,3.890,1.902,5.792,,,,,,,26.877
,,,Lamina Bruta (cm),180,172,177,163,161,162,0,0,0,0,0,0,174
Suma de Usuarios 068,,,,390,85,475,172,26,198,,,,,,,673
Suma de Superficie Física Regada 068,,,,761,428,1.189,239,118,357,,,,,,,1.546
Suma de Volumen Bruto 068,,,,13.728,7.357,21.085,3.890,1.902,5.792,,,,,,,26.877
Lámina Bruta 068,,,,180,172,177,163,161,162,0,0,0,0,0,0,174
073,"La Concepcion, Mex.",1 cultivo,Usuarios,172,142,314,,,,,,,,,,314
,,,Superficie Física Regada (ha),196,322,518,,,,,,,,,,518
,,,Volumen Bruto (miles m3),919,1.460,2.378,,,,,,,,,,2.378
,,,Lamina Bruta (cm),47,45,46,0,0,0,0,0,0,0,0,0,46
Suma de Usuarios 073,,,,172,142,314,,,,,,,,,,314
Suma de Superficie Física Regada 073,,,,196,322,518,,,,,,,,,,518
Suma de Volumen Bruto 073,,,,919,1.460,2.378,,,,,,,,,,2.378
Lámina Bruta 073,,,,47,45,46,0,0,0,0,0,0,0,0,0,46
074,"Mocorito, Sin.",1 cultivo,Usuarios,2.931,735,3.666,,,,215,54,269,338,85,423,4.358
,,,Superficie Física Regada (ha),22.274,6.983,29.257,,,,1.631,511,2.142,2.568,805,3.373,34.772
,,,Volumen Bruto (miles m3),187.881,58.898,246.779,,,,13.753,4.311,18.064,21.664,6.791,28.455,293.298
,,,Lamina Bruta (cm),84,84,84,0,0,0,84,84,84,84,84,84,84
,,2 cultivos,Usuarios,548,154,702,,,,40,11,51,63,18,81,834
,,,Superficie Física Regada (ha),4.165,1.305,5.470,,,,305,96,401,480,151,631,6.502
,,,Volumen Bruto (miles m3),56.332,17.659,73.991,,,,4.124,1.293,5.416,6.495,2.036,8.531,87.938
,,,Lamina Bruta (cm),135,135,135,0,0,0,135,135,135,135,135,135,135
Suma de Usuarios 074,,,,3.479,889,4.368,,,,255,65,320,401,103,504,5.192
Suma de Superficie Física Regada 074,,,,26.439,8.288,34.727,,,,1.936,607,2.543,3.048,956,4.004,41.274
Suma de Volumen Bruto 074,,,,244.213,76.557,320.770,,,,17.876,5.604,23.480,28.159,8.827,36.986,381.236
Lámina Bruta 074,,,,92,92,92,0,0,0,92,92,92,92,92,92,92
075,"Rio Fuerte, Sin.",1 cultivo,Usuarios,7.178,2.879,10.057,,,,1.056,230,1.286,,,,11.343
,,,Superficie Física Regada (ha),53.834,47.499,101.333,,,,9.780,4.720,14.500,,,,115.833
,,,Volumen Bruto (miles m3),866.963,571.470,1.438.433,,,,98.898,46.900,145.798,,,,1.584.231
,,,Lamina Bruta (cm),161,120,142,0,0,0,101,99,101,0,0,0,137
,,2 cultivos,Usuarios,7.038,1.191,8.229,,,,142,32,174,,,,8.403
,,,Superficie Física Regada (ha),52.783,19.646,72.429,,,,1.531,667,2.198,,,,74.627
,,,Volumen Bruto (miles m3),889.992,481.145,1.371.137,,,,28.753,8.975,37.728,,,,1.408.865
,,,Lamina Bruta (cm),169,245,189,0,0,0,188,135,172,0,0,0,189
Suma de Usuarios 075,,,,14.216,4.070,18.286,,,,1.198,262,1.460,,,,19.746
Suma de Superficie Física Regada 075,,,,106.617,67.145,173.762,,,,11.311,5.387,16.698,,,,190.460
Suma de Volumen Bruto 075,,,,1.756.955,1.052.615,2.809.570,,,,127.651,55.875,183.526,,,,2.993.096
Lámina Bruta 075,,,,165,157,162,0,0,0,113,104,110,0,0,0,157
076,"Valle Del Carrizo, Sin.",1 cultivo,Usuarios,4.763,818,5.581,,,,,,,,,,5.581
,,,Superficie Física Regada (ha),42.316,11.947,54.263,,,,,,,,,,54.263
,,,Volumen Bruto (miles m3),433.062,110.828,543.890,,,,,,,,,,543.890
,,,Lamina Bruta (cm),102,93,100,0,0,0,0,0,0,0,0,0,100
Suma de Usuarios 076,,,,4.763,818,5.581,,,,,,,,,,5.581
Suma de Superficie Física Regada 076,,,,42.316,11.947,54.263,,,,,,,,,,54.263
Suma de Volumen Bruto 076,,,,433.062,110.828,543.890,,,,,,,,,,543.890
Lámina Bruta 076,,,,102,93,100,0,0,0,0,0,0,0,0,0,100
081,"Edo. De Campeche, Camp.",1 cultivo,Usuarios,,,,,,,,38,38,2.550,461,3.011,3.049
,,,Superficie Física Regada (ha),,,,,,,,2.173,2.173,3.656,8.182,11.838,14.011
,,,Volumen Bruto (miles m3),,,,,,,,5.144,5.144,15.236,32.538,47.775,52.918
,,,Lamina Bruta (cm),0,0,0,0,0,0,0,24,24,42,40,40,38
Suma de Usuarios 081,,,,,,,,,,,38,38,2.550,461,3.011,3.049
Suma de Superficie Física Regada 081,,,,,,,,,,,2.173,2.173,3.656,8.182,11.838,14.011
Suma de Volumen Bruto 081,,,,,,,,,,,5.144,5.144,15.236,32.538,47.775,52.918
Lámina Bruta 081,,,,0,0,0,0,0,0,0,24,24,42,40,40,38
082,"Rio Blanco, Ver.",1 cultivo,Usuarios,,,,829,802,1.631,,,,,,,1.631
,,,Superficie Física Regada (ha),,,,3.858,8.108,11.966,,,,,,,11.966
,,,Volumen Bruto (miles m3),,,,73.122,153.700,226.822,,,,,,,226.822
,,,Lamina Bruta (cm),0,0,0,190,190,190,0,0,0,0,0,0,190
,,2 cultivos,Usuarios,,,,141,49,190,,,,,,,190
,,,Superficie Física Regada (ha),,,,431,338,769,,,,,,,769
,,,Volumen Bruto (miles m3),,,,8.167,6.411,14.578,,,,,,,14.578
,,,Lamina Bruta (cm),0,0,0,190,190,190,0,0,0,0,0,0,190
Suma de Usuarios 082,,,,,,,970,851,1.821,,,,,,,1.821
Suma de Superficie Física Regada 082,,,,,,,4.288,8.447,12.735,,,,,,,12.735
Suma de Volumen Bruto 082,,,,,,,81.289,160.111,241.400,,,,,,,241.400
Lámina Bruta 082,,,,0,0,0,190,190,190,0,0,0,0,0,0,190
083,"Papigochic, Chih.",1 cultivo,Usuarios,39,455,494,,,,,,,,0,0,494
,,,Superficie Física Regada (ha),160,2.524,2.684,,,,,,,,0,0,2.684
,,,Volumen Bruto (miles m3),1.855,28.587,30.442,,,,,,,,147,147,30.589
,,,Lamina Bruta (cm),116,113,113,0,0,0,0,0,0,0,0,0,114
Suma de Usuarios 083,,,,39,455,494,,,,,,,,0,0,494
Suma de Superficie Física Regada 083,,,,160,2.524,2.684,,,,,,,,0,0,2.684
Suma de Volumen Bruto 083,,,,1.855,28.587,30.442,,,,,,,,147,147,30.589
Lámina Bruta 083,,,,116,113,113,0,0,0,0,0,0,0,0,0,114
084,"Guaymas, Son.",1 cultivo,Usuarios,,,,,,,,,,1.563,205,1.768,1.768
,,,Superficie Física Regada (ha),,,,,,,,,,7.769,5.858,13.627,13.627
,,,Volumen Bruto (miles m3),,,,,,,,,,55.410,41.799,97.210,97.210
,,,Lamina Bruta (cm),0,0,0,0,0,0,0,0,0,71,71,71,71
Suma de Usuarios 084,,,,,,,,,,,,,1.563,205,1.768,1.768
Suma de Superficie Física Regada 084,,,,,,,,,,,,,7.769,5.858,13.627,13.627
Suma de Volumen Bruto 084,,,,,,,,,,,,,55.410,41.799,97.210,97.210
Lámina Bruta 084,,,,0,0,0,0,0,0,0,0,0,71,71,71,71
085,"La Begoña, Gto.",1 cultivo,Usuarios,1.870,184,2.054,,,,62,158,220,65,17,82,2.356
,,,Superficie Física Regada (ha),3.361,1.154,4.515,,,,60,136,196,1.350,341,1.691,6.402
,,,Volumen Bruto (miles m3),16.425,5.621,22.046,,,,178,415,593,11.317,2.829,14.146,36.785
,,,Lamina Bruta (cm),49,49,49,0,0,0,30,31,30,84,83,84,57
Suma de Usuarios 085,,,,1.870,184,2.054,,,,62,158,220,65,17,82,2.356
Suma de Superficie Física Regada 085,,,,3.361,1.154,4.515,,,,60,136,196,1.350,341,1.691,6.402
Suma de Volumen Bruto 085,,,,16.425,5.621,22.046,,,,178,415,593,11.317,2.829,14.146,36.785
Lámina Bruta 085,,,,49,49,49,0,0,0,30,31,30,84,83,84,57
086,"Soto La Marina, Tamps.",1 cultivo,Usuarios,2.464,99,2.563,,,,,,,,,,2.563
,,,Superficie Física Regada (ha),24.025,3.453,27.478,,,,,,,,,,27.478
,,,Volumen Bruto (miles m3),322.350,46.308,368.658,,,,,,,,,,368.658
,,,Lamina Bruta (cm),134,134,134,0,0,0,0,0,0,0,0,0,134
Suma de Usuarios 086,,,,2.464,99,2.563,,,,,,,,,,2.563
Suma de Superficie Física Regada 086,,,,24.025,3.453,27.478,,,,,,,,,,27.478
Suma de Volumen Bruto 086,,,,322.350,46.308,368.658,,,,,,,,,,368.658
Lámina Bruta 086,,,,134,134,134,0,0,0,0,0,0,0,0,0,134
087,"Rosario Mezquite, Mich.",1 cultivo,Usuarios,4.485,627,5.112,1.419,,1.419,,,,2.185,121,2.306,8.837
,,,Superficie Física Regada (ha),18.779,5.246,24.025,4.253,,4.253,,,,7.596,1.025,8.621,36.899
,,,Volumen Bruto (miles m3),140.434,39.539,179.973,19.109,,19.109,,,,63.294,8.566,71.860,270.942
,,,Lamina Bruta (cm),75,75,75,45,0,45,0,0,0,83,84,83,73
,,2 cultivos,Usuarios,605,86,691,,,,,,,1.400,76,1.476,2.167
,,,Superficie Física Regada (ha),2.553,724,3.277,,,,,,,4.851,642,5.493,8.770
,,,Volumen Bruto (miles m3),11.487,3.259,14.746,,,,,,,11.409,1.498,12.907,27.653
,,,Lamina Bruta (cm),45,45,45,0,0,0,0,0,0,24,23,23,32
Suma de Usuarios 087,,,,5.090,713,5.803,1.419,,1.419,,,,3.585,197,3.782,11.004
Suma de Superficie Física Regada 087,,,,21.332,5.970,27.302,4.253,,4.253,,,,12.447,1.667,14.114,45.669
Suma de Volumen Bruto 087,,,,151.921,42.798,194.719,19.109,,19.109,,,,74.703,10.064,84.767,298.595
Lámina Bruta 087,,,,71,72,71,45,0,45,0,0,0,60,60,60,65
088,"Chiconautla, Mex.",1 cultivo,Usuarios,,,,,,,1.354,348,1.702,,,,1.702
,,,Superficie Física Regada (ha),,,,,,,2.775,709,3.484,,,,3.484
,,,Volumen Bruto (miles m3),,,,,,,28.445,7.265,35.710,,,,35.710
,,,Lamina Bruta (cm),0,0,0,0,0,0,102,103,102,0,0,0,102
Suma de Usuarios 088,,,,,,,,,,1.354,348,1.702,,,,1.702
Suma de Superficie Física Regada 088,,,,,,,,,,2.775,709,3.484,,,,3.484
Suma de Volumen Bruto 088,,,,,,,,,,28.445,7.265,35.710,,,,35.710
Lámina Bruta 088,,,,0,0,0,0,0,0,102,103,102,0,0,0,102
089,"El Carmen, Chih.",1 cultivo,Usuarios,168,132,300,,,,,,,34,50,84,384
,,,Superficie Física Regada (ha),2.192,907,3.099,,,,,,,450,335,785,3.884
,,,Volumen Bruto (miles m3),33.315,13.652,46.967,,,,,,,6.750,5.074,11.824,58.791
,,,Lamina Bruta (cm),152,151,152,0,0,0,0,0,0,150,151,151,151
Suma de Usuarios 089,,,,168,132,300,,,,,,,34,50,84,384
Suma de Superficie Física Regada 089,,,,2.192,907,3.099,,,,,,,450,335,785,3.884
Suma de Volumen Bruto 089,,,,33.315,13.652,46.967,,,,,,,6.750,5.074,11.824,58.791
Lámina Bruta 089,,,,152,151,152,0,0,0,0,0,0,150,151,151,151
090,"Bajo Rio Conchos, Chih.",1 cultivo,Usuarios,211,372,583,,,,128,8,136,,,,719
,,,Superficie Física Regada (ha),1.158,2.014,3.172,,,,762,113,875,,,,4.047
,,,Volumen Bruto (miles m3),21.456,37.317,58.774,,,,14.119,2.094,16.213,,,,74.986
,,,Lamina Bruta (cm),185,185,185,0,0,0,185,185,185,0,0,0,185
,,2 cultivos,Usuarios,40,45,85,,,,,,,,,,85
,,,Superficie Física Regada (ha),133,152,285,,,,,,,,,,285
,,,Volumen Bruto (miles m3),1.630,1.862,3.492,,,,,,,,,,3.492
,,,Lamina Bruta (cm),123,123,123,0,0,0,0,0,0,0,0,0,123
Suma de Usuarios 090,,,,251,417,668,,,,128,8,136,,,,804
Suma de Superficie Física Regada 090,,,,1.291,2.166,3.457,,,,762,113,875,,,,4.332
Suma de Volumen Bruto 090,,,,23.086,39.180,62.265,,,,14.119,2.094,16.213,,,,78.478
Lámina Bruta 090,,,,179,181,180,0,0,0,185,185,185,0,0,0,181
092A,"Rio Panuco, Unidad Animas.",1 cultivo,Usuarios,1.889,127,2.016,,,,,,,,,,2.016
,,,Superficie Física Regada (ha),21.416,2.172,23.587,,,,,,,,,,23.587
,,,Volumen Bruto (miles m3),200.821,17.664,218.485,,,,,,,,,,218.485
,,,Lamina Bruta (cm),94,81,93,0,0,0,0,0,0,0,0,0,93
,,2 cultivos,Usuarios,732,60,792,,,,,,,,,,792
,,,Superficie Física Regada (ha),6.264,1.019,7.283,,,,,,,,,,7.283
,,,Volumen Bruto (miles m3),105.698,12.683,118.381,,,,,,,,,,118.381
,,,Lamina Bruta (cm),169,124,163,0,0,0,0,0,0,0,0,0,163
Suma de Usuarios 092A,,,,2.621,187,2.808,,,,,,,,,,2.808
Suma de Superficie Física Regada 092A,,,,27.680,3.191,30.870,,,,,,,,,,30.870
Suma de Volumen Bruto 092A,,,,306.519,30.347,336.866,,,,,,,,,,336.866
Lámina Bruta 092A,,,,111,95,109,0,0,0,0,0,0,0,0,0,109
092BC,"Rio Panuco, Unidades Chicayán+Pujal Coy",1 cultivo,Usuarios,700,107,807,,,,1.540,841,2.381,,,,3.188
,,,Superficie Física Regada (ha),5.450,1.400,6.850,,,,10.471,11.107,21.577,,,,28.427
,,,Volumen Bruto (miles m3),30.159,6.787,36.946,,,,67.158,110.998,178.156,,,,215.102
,,,Lamina Bruta (cm),55,48,54,0,0,0,64,100,83,0,0,0,76
Suma de Usuarios 092BC,,,,700,107,807,,,,1.540,841,2.381,,,,3.188
Suma de Superficie Física Regada 092BC,,,,5.450,1.400,6.850,,,,10.471,11.107,21.577,,,,28.427
Suma de Volumen Bruto 092BC,,,,30.159,6.787,36.946,,,,67.158,110.998,178.156,,,,215.102
Lámina Bruta 092BC,,,,55,48,54,0,0,0,64,100,83,0,0,0,76
093,"Tomatlan, Jal.",1 cultivo,Usuarios,1.567,31,1.598,,,,,,,,,,1.598
,,,Superficie Física Regada (ha),10.418,398,10.816,,,,,,,,,,10.816
,,,Volumen Bruto (miles m3),356.772,13.630,370.402,,,,,,,,,,370.402
,,,Lamina Bruta (cm),342,342,342,0,0,0,0,0,0,0,0,0,342
,,2 cultivos,Usuarios,119,7,126,,,,,,,,,,126
,,,Superficie Física Regada (ha),792,88,880,,,,,,,,,,880
,,,Volumen Bruto (miles m3),13.094,1.456,14.550,,,,,,,,,,14.550
,,,Lamina Bruta (cm),165,165,165,0,0,0,0,0,0,0,0,0,165
Suma de Usuarios 093,,,,1.686,38,1.724,,,,,,,,,,1.724
Suma de Superficie Física Regada 093,,,,11.210,486,11.696,,,,,,,,,,11.696
Suma de Volumen Bruto 093,,,,369.866,15.086,384.952,,,,,,,,,,384.952
Lámina Bruta 093,,,,330,310,329,0,0,0,0,0,0,0,0,0,329
094,"Jalisco Sur, Jal.",1 cultivo,Usuarios,1.624,324,1.948,,,,21,,21,,,,1.969
,,,Superficie Física Regada (ha),6.949,3.935,10.884,,,,62,,62,,,,10.946
,,,Volumen Bruto (miles m3),137.825,81.762,219.588,,,,273,,273,,,,219.861
,,,Lamina Bruta (cm),198,208,202,0,0,0,44,0,44,0,0,0,201
,,2 cultivos,Usuarios,104,25,129,,,,,,,,,,129
,,,Superficie Física Regada (ha),519,332,851,,,,,,,,,,851
,,,Volumen Bruto (miles m3),8.653,5.533,14.186,,,,,,,,,,14.186
,,,Lamina Bruta (cm),167,167,167,0,0,0,0,0,0,0,0,0,167
Suma de Usuarios 094,,,,1.728,349,2.077,,,,21,,21,,,,2.098
Suma de Superficie Física Regada 094,,,,7.468,4.267,11.735,,,,62,,62,,,,11.797
Suma de Volumen Bruto 094,,,,146.478,87.295,233.774,,,,273,,273,,,,234.047
Lámina Bruta 094,,,,196,205,199,0,0,0,44,0,44,0,0,0,198
095,"Atoyac, Gro.",1 cultivo,Usuarios,,,,271,9,280,,,,,,,280
,,,Superficie Física Regada (ha),,,,907,216,1.123,,,,,,,1.123
,,,Volumen Bruto (miles m3),,,,13.025,3.103,16.128,,,,,,,16.128
,,,Lamina Bruta (cm),0,0,0,144,144,144,0,0,0,0,0,0,144
,,2 cultivos,Usuarios,,,,358,3,361,,,,,,,361
,,,Superficie Física Regada (ha),,,,1.196,52,1.248,,,,,,,1.248
,,,Volumen Bruto (miles m3),,,,17.175,747,17.922,,,,,,,17.922
,,,Lamina Bruta (cm),0,0,0,144,144,144,0,0,0,0,0,0,144
Suma de Usuarios 095,,,,,,,629,12,641,,,,,,,641
Suma de Superficie Física Regada 095,,,,,,,2.103,268,2.371,,,,,,,2.371
Suma de Volumen Bruto 095,,,,,,,30.200,3.850,34.050,,,,,,,34.050
Lámina Bruta 095,,,,0,0,0,144,144,144,0,0,0,0,0,0,144
096,"Arroyozarco, Mex.",1 cultivo,Usuarios,407,208,615,,,,,,,,,,615
,,,Superficie Física Regada (ha),1.063,870,1.932,,,,,,,,,,1.932
,,,Volumen Bruto (miles m3),5.778,4.728,10.506,,,,,,,,,,10.506
,,,Lamina Bruta (cm),54,54,54,0,0,0,0,0,0,0,0,0,54
Suma de Usuarios 096,,,,407,208,615,,,,,,,,,,615
Suma de Superficie Física Regada 096,,,,1.063,870,1.932,,,,,,,,,,1.932
Suma de Volumen Bruto 096,,,,5.778,4.728,10.506,,,,,,,,,,10.506
Lámina Bruta 096,,,,54,54,54,0,0,0,0,0,0,0,0,0,54
097,"Lazaro Cardenas, Mich.",1 cultivo,Usuarios,2.475,622,3.097,3.834,452,4.286,,,,,,,7.383
,,,Superficie Física Regada (ha),16.374,4.118,20.492,25.378,2.994,28.372,,,,,,,48.864
,,,Volumen Bruto (miles m3),539.578,135.702,675.280,917.315,108.221,1.025.536,,,,,,,1.700.816
,,,Lamina Bruta (cm),330,330,330,361,361,361,0,0,0,0,0,0,348
,,2 cultivos,Usuarios,341,83,424,272,,272,,,,,,,696
,,,Superficie Física Regada (ha),2.258,550,2.808,1.802,,1.802,,,,,,,4.610
,,,Volumen Bruto (miles m3),31.754,7.735,39.489,25.342,,25.342,,,,,,,64.831
,,,Lamina Bruta (cm),141,141,141,141,0,141,0,0,0,0,0,0,141
Suma de Usuarios 097,,,,2.816,705,3.521,4.106,452,4.558,,,,,,,8.079
Suma de Superficie Física Regada 097,,,,18.632,4.668,23.300,27.180,2.994,30.174,,,,,,,53.474
Suma de Volumen Bruto 097,,,,571.332,143.437,714.769,942.657,108.221,1.050.878,,,,,,,1.765.647
Lámina Bruta 097,,,,307,307,307,347,361,348,0,0,0,0,0,0,330
098,"Jose Maria Morelos, Mich.",1 cultivo,Usuarios,805,160,965,,,,,,,,,,965
,,,Superficie Física Regada (ha),2.635,649,3.284,,,,,,,,,,3.284
,,,Volumen Bruto (miles m3),48.830,12.033,60.863,,,,,,,,,,60.863
,,,Lamina Bruta (cm),185,185,185,0,0,0,0,0,0,0,0,0,185
Suma de Usuarios 098,,,,805,160,965,,,,,,,,,,965
Suma de Superficie Física Regada 098,,,,2.635,649,3.284,,,,,,,,,,3.284
Suma de Volumen Bruto 098,,,,48.830,12.033,60.863,,,,,,,,,,60.863
Lámina Bruta 098,,,,185,185,185,0,0,0,0,0,0,0,0,0,185
099,"Quit. La Magdalena, Mich.",1 cultivo,Usuarios,57,12,69,,,,,,,,,,69
,,,Superficie Física Regada (ha),218,117,335,,,,,,,,,,335
,,,Volumen Bruto (miles m3),1.046,562,1.608,,,,,,,,,,1.608
,,,Lamina Bruta (cm),48,48,48,0,0,0,0,0,0,0,0,0,48
Suma de Usuarios 099,,,,57,12,69,,,,,,,,,,69
Suma de Superficie Física Regada 099,,,,218,117,335,,,,,,,,,,335
Suma de Volumen Bruto 099,,,,1.046,562,1.608,,,,,,,,,,1.608
Lámina Bruta 099,,,,48,48,48,0,0,0,0,0,0,0,0,0,48
100,"Alfajayucan, Hgo.",1 cultivo,Usuarios,3.221,4.162,7.383,3.095,1.113,4.208,,,,,,,11.591
,,,Superficie Física Regada (ha),4.896,7.862,12.758,4.705,2.093,6.798,,,,,,,19.556
,,,Volumen Bruto (miles m3),48.243,77.469,125.712,74.991,33.360,108.351,,,,,,,234.063
,,,Lamina Bruta (cm),99,99,99,159,159,159,0,0,0,0,0,0,120
,,2 cultivos,Usuarios,207,85,292,40,15,55,,,,,,,347
,,,Superficie Física Regada (ha),310,160,470,61,29,90,,,,,,,560
,,,Volumen Bruto (miles m3),685,354,1.039,167,80,247,,,,,,,1.286
,,,Lamina Bruta (cm),22,22,22,27,28,27,0,0,0,0,0,0,23
Suma de Usuarios 100,,,,3.428,4.247,7.675,3.135,1.128,4.263,,,,,,,11.938
Suma de Superficie Física Regada 100,,,,5.206,8.022,13.228,4.766,2.122,6.888,,,,,,,20.116
Suma de Volumen Bruto 100,,,,48.928,77.823,126.751,75.158,33.440,108.598,,,,,,,235.349
Lámina Bruta 100,,,,94,97,96,158,158,158,0,0,0,0,0,0,117
101,"Cuxtepeques, Chis.",1 cultivo,Usuarios,1.106,21,1.127,,,,,,,,,,1.127
,,,Superficie Física Regada (ha),4.595,262,4.857,,,,,,,,,,4.857
,,,Volumen Bruto (miles m3),65.772,3.750,69.522,,,,,,,,,,69.522
,,,Lamina Bruta (cm),143,143,143,0,0,0,0,0,0,0,0,0,143
,,2 cultivos,Usuarios,25,,25,,,,,,,,,,25
,,,Superficie Física Regada (ha),260,,260,,,,,,,,,,260
,,,Volumen Bruto (miles m3),3.722,,3.722,,,,,,,,,,3.722
,,,Lamina Bruta (cm),143,0,143,0,0,0,0,0,0,0,0,0,143
Suma de Usuarios 101,,,,1.131,21,1.152,,,,,,,,,,1.152
Suma de Superficie Física Regada 101,,,,4.855,262,5.117,,,,,,,,,,5.117
Suma de Volumen Bruto 101,,,,69.494,3.750,73.244,,,,,,,,,,73.244
Lámina Bruta 101,,,,143,143,143,0,0,0,0,0,0,0,0,0,143
102,"Rio Hondo, Q.R.",1 cultivo,Usuarios,,,,,,,,,,680,,680,680
,,,Superficie Física Regada (ha),,,,,,,,,,3.066,,3.066,3.066
,,,Volumen Bruto (miles m3),,,,,,,,,,21.220,,21.220,21.220
,,,Lamina Bruta (cm),0,0,0,0,0,0,0,0,0,69,0,69,69
Suma de Usuarios 102,,,,,,,,,,,,,680,,680,680
Suma de Superficie Física Regada 102,,,,,,,,,,,,,3.066,,3.066,3.066
Suma de Volumen Bruto 102,,,,,,,,,,,,,21.220,,21.220,21.220
Lámina Bruta 102,,,,0,0,0,0,0,0,0,0,0,69,0,69,69
103,"Rio Florido, Chih.",1 cultivo,Usuarios,507,240,747,,,,,,,,,,747
,,,Superficie Física Regada (ha),2.539,2.396,4.935,,,,,,,,,,4.935
,,,Volumen Bruto (miles m3),43.087,40.665,83.752,,,,,,,,,,83.752
,,,Lamina Bruta (cm),170,170,170,0,0,0,0,0,0,0,0,0,170
Suma de Usuarios 103,,,,507,240,747,,,,,,,,,,747
Suma de Superficie Física Regada 103,,,,2.539,2.396,4.935,,,,,,,,,,4.935
Suma de Volumen Bruto 103,,,,43.087,40.665,83.752,,,,,,,,,,83.752
Lámina Bruta 103,,,,170,170,170,0,0,0,0,0,0,0,0,0,170
104,"Cuajinicuilapa, Gro.",1 cultivo,Usuarios,,,,260,,260,,,,,,,260
,,,Superficie Física Regada (ha),,,,1.204,,1.204,,,,,,,1.204
,,,Volumen Bruto (miles m3),,,,11.817,,11.817,,,,,,,11.817
,,,Lamina Bruta (cm),0,0,0,98,0,98,0,0,0,0,0,0,98
Suma de Usuarios 104,,,,,,,260,,260,,,,,,,260
Suma de Superficie Física Regada 104,,,,,,,1.204,,1.204,,,,,,,1.204
Suma de Volumen Bruto 104,,,,,,,11.817,,11.817,,,,,,,11.817
Lámina Bruta 104,,,,0,0,0,98,0,98,0,0,0,0,0,0,98
105,"Nexpa, Gro.",1 cultivo,Usuarios,1.189,5,1.194,,,,,,,,,,1.194
,,,Superficie Física Regada (ha),2.976,22,2.998,,,,,,,,,,2.998
,,,Volumen Bruto (miles m3),29.641,172,29.813,,,,,,,,,,29.813
,,,Lamina Bruta (cm),100,78,99,0,0,0,0,0,0,0,0,0,99
Suma de Usuarios 105,,,,1.189,5,1.194,,,,,,,,,,1.194
Suma de Superficie Física Regada 105,,,,2.976,22,2.998,,,,,,,,,,2.998
Suma de Volumen Bruto 105,,,,29.641,172,29.813,,,,,,,,,,29.813
Lámina Bruta 105,,,,100,78,99,0,0,0,0,0,0,0,0,0,99
107,"San Gregorio, Chis.",1 cultivo,Usuarios,,,,2.009,105,2.114,,,,,,,2.114
,,,Superficie Física Regada (ha),,,,5.442,1.008,6.450,,,,,,,6.450
,,,Volumen Bruto (miles m3),,,,63.775,11.590,75.365,,,,,,,75.365
,,,Lamina Bruta (cm),0,0,0,117,115,117,0,0,0,0,0,0,117
,,2 cultivos,Usuarios,,,,144,3,147,,,,,,,147
,,,Superficie Física Regada (ha),,,,433,42,475,,,,,,,475
,,,Volumen Bruto (miles m3),,,,1.584,154,1.738,,,,,,,1.738
,,,Lamina Bruta (cm),0,0,0,37,37,37,0,0,0,0,0,0,37
Suma de Usuarios 107,,,,,,,2.153,108,2.261,,,,,,,2.261
Suma de Superficie Física Regada 107,,,,,,,5.875,1.050,6.925,,,,,,,6.925
Suma de Volumen Bruto 107,,,,,,,65.359,11.744,77.103,,,,,,,77.103
Lámina Bruta 107,,,,0,0,0,111,112,111,0,0,0,0,0,0,111
108,"Elota-Piaxtla, Sin.",1 cultivo,Usuarios,1.113,146,1.259,,,,201,21,222,,,,1.481
,,,Superficie Física Regada (ha),8.902,2.190,11.092,,,,1.604,317,1.921,,,,13.013
,,,Volumen Bruto (miles m3),78.231,19.241,97.472,,,,14.096,2.786,16.882,,,,114.354
,,,Lamina Bruta (cm),88,88,88,0,0,0,88,88,88,0,0,0,88
,,2 cultivos,Usuarios,235,41,276,,,,38,30,68,,,,344
,,,Superficie Física Regada (ha),1.885,621,2.506,,,,306,453,759,,,,3.265
,,,Volumen Bruto (miles m3),16.565,5.457,22.023,,,,2.689,3.981,6.670,,,,28.693
,,,Lamina Bruta (cm),88,88,88,0,0,0,88,88,88,0,0,0,88
Suma de Usuarios 108,,,,1.348,187,1.535,,,,239,51,290,,,,1.825
Suma de Superficie Física Regada 108,,,,10.787,2.811,13.598,,,,1.910,770,2.680,,,,16.278
Suma de Volumen Bruto 108,,,,94.796,24.699,119.495,,,,16.785,6.767,23.552,,,,143.047
Lámina Bruta 108,,,,88,88,88,0,0,0,88,88,88,0,0,0,88
110,"Rio Verde-Progreso, Oax.",1 cultivo,Usuarios,291,,291,,,,,,,,,,291
,,,Superficie Física Regada (ha),2.056,,2.056,,,,,,,,,,2.056
,,,Volumen Bruto (miles m3),19.856,,19.856,,,,,,,,,,19.856
,,,Lamina Bruta (cm),97,0,97,0,0,0,0,0,0,0,0,0,97
,,2 cultivos,Usuarios,13,,13,,,,,,,,,,13
,,,Superficie Física Regada (ha),56,,56,,,,,,,,,,56
,,,Volumen Bruto (miles m3),347,,347,,,,,,,,,,347
,,,Lamina Bruta (cm),62,0,62,0,0,0,0,0,0,0,0,0,62
Suma de Usuarios 110,,,,304,,304,,,,,,,,,,304
Suma de Superficie Física Regada 110,,,,2.112,,2.112,,,,,,,,,,2.112
Suma de Volumen Bruto 110,,,,20.203,,20.203,,,,,,,,,,20.203
Lámina Bruta 110,,,,96,0,96,0,0,0,0,0,0,0,0,0,96
112,"Ajacuba, Hgo.",1 cultivo,Usuarios,,,,735,21,756,,,,,,,756
,,,Superficie Física Regada (ha),,,,1.627,101,1.728,,,,,,,1.728
,,,Volumen Bruto (miles m3),,,,9.423,584,10.007,,,,,,,10.007
,,,Lamina Bruta (cm),0,0,0,58,58,58,0,0,0,0,0,0,58
,,2 cultivos,Usuarios,,,,8,,8,,,,,,,8
,,,Superficie Física Regada (ha),,,,17,,17,,,,,,,17
,,,Volumen Bruto (miles m3),,,,48,,48,,,,,,,48
,,,Lamina Bruta (cm),0,0,0,28,0,28,0,0,0,0,0,0,28
Suma de Usuarios 112,,,,,,,743,21,764,,,,,,,764
Suma de Superficie Física Regada 112,,,,,,,1.644,101,1.745,,,,,,,1.745
Suma de Volumen Bruto 112,,,,,,,9.471,584,10.055,,,,,,,10.055
Lámina Bruta 112,,,,0,0,0,58,58,58,0,0,0,0,0,0,58
Total Suma de NUM_USUA,,,,193.112,81.366,274.478,78.266,32.427,110.693,8.770,3.560,12.330,33.725,20.260,53.985,451.486
Total Suma de SUP_REGA,,,,1.042.031,730.603,1.772.633,259.434,169.717,429.151,45.067,37.132,82.200,144.946,215.403,360.348,2.644.332
Total Suma de VOL_DIST,,,,11.742.313,6.654.212,18.396.524,4.470.829,2.775.238,7.246.068,396.465,271.209,667.674,1.340.133,2.034.290,3.374.423,29.684.689
Total Suma de LAMINA BRUTA,,,,113,91,104,172,164,169,88,73,81,92,94,94,112